{
    "dashboard": {
        "enabled": false,
        "endpoint": "https://api.uncannysurveillance.com",
        "username": "test@uncannyvision.com",
        "islocal": false,
        "token": "1c0e150d-52e9-48ff-93a9-3354f1a296af",
        "orgId": "1560256617425",
        "placeId": "1571660510413",
        "camId": "",
        "alerts": {
            "priority": 1
        }
    },
    "app": {
        "server_port": 8201,
        "monitoring_port": 5012,
        "event_port": 5013,
        "live_port": 5014
    },
    "other": {
        "delete_images": false,
        "elk": false,
        "db_sort_order": "ASC"
    },
    "extras": {
        "forceSST": false
    },
    "debug": {
        "enabled": true,
        "level": 2
    },
    "path": "/uncanny/sink/config/config_1.json",
    "version": 4
}
